,Latitude,Longitude,Killed Min,Killed Max,Injured Min,Injured Max,No. of Suicide Blasts,Year,Month,Day,Islamic Year,Islamic Month,Islamic Day,Blast Day Type Num,City Num,Province Num,Location Category Num,Location Sensitivity Num,Open/Closed Space Num,Target Type Num
0,33.718,73.0718,14.0,15.0,31.397260273972602,60.0,2.0,1995,11,19,1416,6,26,0,17,2,4,0,0,2
1,24.9918,66.9911,14.725714285714286,3.0,31.397260273972602,3.0,1.0,2000,11,6,1421,8,10,2,19,6,11,1,0,4
2,24.9918,66.9911,13.0,15.0,20.0,40.0,1.0,2002,5,8,1423,2,25,2,19,6,7,2,0,2
3,24.9918,66.9911,14.725714285714286,12.0,31.397260273972602,51.0,1.0,2002,6,14,1423,4,3,2,19,6,4,0,0,2
4,30.2095,67.0182,44.0,47.0,31.397260273972602,65.0,1.0,2003,7,4,1424,5,4,2,43,1,14,2,0,7
5,33.6058,73.0437,16.0,18.0,31.397260273972602,50.0,2.0,2003,12,25,1424,11,2,0,44,5,10,1,1,5
6,33.6058,73.0437,14.725714285714286,1.0,3.0,4.0,1.0,2004,2,28,1425,1,8,2,44,5,14,2,0,7
7,24.9918,66.9911,14.0,15.0,96.0,200.0,1.0,2004,5,7,1425,3,18,2,19,6,14,2,0,7
8,24.9918,66.9911,16.0,18.0,31.397260273972602,35.0,1.0,2004,5,31,1425,4,12,2,19,6,14,2,0,7
9,32.9746,70.1456,14.725714285714286,2.0,31.397260273972602,2.0,1.0,2004,6,3,1425,4,15,2,37,3,9,0,1,5
10,33.5833,71.4333,2.0,3.0,31.397260273972602,3.0,2.0,2004,7,28,1425,6,11,2,24,4,15,0,0,5
11,33.7645,72.3667,14.725714285714286,7.0,44.0,70.0,1.0,2004,7,30,1425,6,13,2,0,5,12,1,1,3
12,32.4972,74.5361,25.0,31.0,50.0,75.0,1.0,2004,10,1,1425,8,17,2,50,5,14,2,0,7
13,31.5451,74.3407,4.0,5.0,6.0,10.0,1.0,2004,10,10,1425,8,26,0,26,5,14,2,0,7
14,30.2095,67.0182,25.0,50.0,8.0,100.0,1.0,2005,3,19,1426,2,9,2,43,1,14,2,0,7
15,35.2227,72.4258,14.725714285714286,2.0,31.397260273972602,39.45986984815618,1.0,2005,4,28,1426,3,19,2,55,4,12,1,1,1
16,33.718,73.0718,20.0,25.0,82.0,100.0,1.0,2005,5,27,1426,4,19,2,17,2,14,2,0,1
17,24.9918,66.9911,5.0,6.0,19.0,30.0,1.0,2005,5,30,1426,4,22,2,19,6,14,2,0,7
18,33.5351,71.0713,37.0,40.0,90.0,39.45986984815618,1.0,2006,2,9,1427,1,10,0,14,4,12,1,1,7
19,24.9918,66.9911,4.0,5.0,30.0,54.0,1.0,2006,3,2,1427,2,2,2,19,6,7,2,1,2
20,24.9918,66.9911,47.0,57.0,31.397260273972602,100.0,1.0,2006,4,12,1427,3,14,0,19,6,12,2,1,7
21,32.9861,70.6042,6.0,7.0,7.0,8.0,1.0,2006,6,2,1427,5,6,2,2,4,10,0,1,5
22,32.9746,70.1456,6.0,7.0,31.397260273972602,26.0,1.0,2006,6,26,1427,5,30,2,37,3,9,0,1,5
23,25.8377,66.5224,14.725714285714286,1.0,31.397260273972602,0.0,1.0,2006,8,6,1427,7,12,0,28,1,8,1,1,1
24,34.503,71.9046,40.0,42.0,20.0,39.0,1.0,2006,11,8,1427,10,17,2,30,4,9,0,1,5
25,34.0043,71.5448,14.725714285714286,1.0,31.397260273972602,2.0,1.0,2006,11,17,1427,10,26,2,40,4,10,0,1,6
26,32.9861,70.6042,14.725714285714286,1.0,31.397260273972602,1.0,1.0,2006,12,3,1427,11,12,0,2,4,13,0,1,6
27,32.9746,70.1456,4.0,5.0,23.0,25.0,1.0,2007,1,22,1428,1,3,2,37,3,10,0,1,5
28,33.718,73.0718,1.0,2.0,5.0,7.0,1.0,2007,1,26,1428,1,7,2,17,2,7,2,0,2
29,34.0043,71.5448,13.0,15.0,30.0,60.0,1.0,2007,1,27,1428,1,8,2,40,4,14,2,0,1
30,31.8238,70.9095,2.0,3.0,31.397260273972602,7.0,1.0,2007,1,29,1428,1,10,0,9,4,13,0,1,1
31,32.6018,70.9148,14.725714285714286,1.0,31.397260273972602,39.45986984815618,1.0,2007,2,3,1428,1,15,2,27,4,8,1,1,1
32,31.8238,70.9095,14.725714285714286,2.0,7.0,8.0,1.0,2007,2,3,1428,1,15,2,58,4,10,0,1,5
33,33.718,73.0718,14.725714285714286,1.0,3.0,10.0,1.0,2007,2,6,1428,1,18,2,17,2,0,0,1,1
34,30.2095,67.0182,16.0,17.0,30.0,35.0,1.0,2007,2,17,1428,1,29,2,43,1,5,0,0,1
35,32.5737,74.0786,1.0,2.0,6.0,8.0,1.0,2007,3,29,1428,3,10,2,13,5,9,0,1,5
36,34.1509,71.7359,25.0,35.0,29.0,60.0,1.0,2007,4,28,1428,4,11,2,7,4,12,1,1,3
37,34.0043,71.5448,22.0,26.0,12.0,35.0,1.0,2007,5,15,1428,4,28,2,40,4,7,2,0,2
38,32.226,70.3761,14.725714285714286,3.0,31.397260273972602,2.0,1.0,2007,5,28,1428,5,11,2,58,4,10,0,1,5
39,32.9746,70.1456,8.0,10.0,9.0,12.0,1.0,2007,7,4,1428,6,19,2,37,3,10,0,1,5
40,35.2227,72.4258,6.0,7.0,4.0,8.0,1.0,2007,7,12,1428,6,27,2,55,4,10,0,1,5
41,32.9746,70.1456,2.0,4.0,31.397260273972602,3.0,1.0,2007,7,12,1428,6,27,2,37,3,5,0,0,3
42,32.9746,70.1456,23.0,24.0,26.0,29.0,1.0,2007,7,14,1428,6,29,2,37,3,10,0,1,5
43,31.8238,70.9095,25.0,30.0,50.0,61.0,1.0,2007,7,15,1428,7,1,0,9,4,13,0,0,6
44,35.2227,72.4258,17.0,20.0,40.0,47.0,1.0,2007,7,15,1428,7,1,0,55,4,10,0,1,6
45,33.718,73.0718,16.0,17.0,50.0,70.0,1.0,2007,7,17,1428,7,3,2,17,2,5,0,1,3
46,32.9746,70.1456,14.725714285714286,4.0,2.0,3.0,1.0,2007,7,17,1428,7,3,2,37,3,9,0,1,5
47,25.8377,66.5224,28.0,30.0,28.0,50.0,1.0,2007,7,19,1428,7,5,2,28,1,10,0,1,2
48,33.5351,71.0713,6.0,8.0,30.0,35.0,1.0,2007,7,19,1428,7,5,2,14,4,13,0,0,6
49,33.5833,71.4333,15.0,20.0,8.0,58.0,1.0,2007,7,19,1428,7,5,2,24,4,14,2,0,7
50,32.9746,70.1456,14.725714285714286,4.0,5.0,6.0,1.0,2007,7,20,1428,7,6,2,37,3,9,0,1,5
51,33.718,73.0718,14.0,15.0,50.0,70.0,1.0,2007,7,27,1428,7,13,2,17,2,7,2,0,6
52,35.2227,72.4258,14.725714285714286,2.0,5.0,6.0,1.0,2007,8,3,1428,7,20,2,55,4,10,1,1,1
53,32.9746,70.1456,9.0,23.0,35.0,43.0,1.0,2007,8,4,1428,7,21,2,25,3,16,1,1,1
54,32.226,70.3761,14.725714285714286,15.20625,3.0,5.0,1.0,2007,8,17,1428,8,4,2,58,4,10,0,1,5
55,32.9746,70.1456,14.725714285714286,2.0,31.397260273972602,2.0,1.0,2007,8,19,1428,8,6,0,37,3,9,0,1,5
56,32.9861,70.6042,14.725714285714286,1.0,31.397260273972602,4.0,1.0,2007,8,19,1428,8,6,0,2,4,13,0,1,6
57,33.5351,71.0713,3.0,7.0,14.0,18.0,1.0,2007,8,20,1428,8,7,2,14,4,9,0,1,5
58,32.9746,70.1456,6.0,7.0,22.0,37.0,2.0,2007,8,24,1428,8,11,2,37,3,10,0,1,5
59,34.8015,72.757,14.725714285714286,4.0,31.397260273972602,2.0,1.0,2007,8,26,1428,8,13,0,48,4,13,0,1,6
60,34.8718,71.5249,3.0,7.0,4.0,9.0,1.0,2007,9,1,1428,8,19,2,1,3,10,0,1,5
61,32.3202,69.8597,14.725714285714286,0.0,31.397260273972602,39.45986984815618,1.0,2007,9,1,1428,8,19,2,51,3,9,0,0,5
62,33.6058,73.0437,18.0,25.0,31.397260273972602,39.45986984815618,2.0,2007,9,4,1428,8,22,2,44,5,10,0,1,5
63,33.6058,73.0437,14.725714285714286,7.0,31.397260273972602,39.45986984815618,1.0,2007,9,4,1428,8,22,2,44,5,8,1,1,5
64,31.8238,70.9095,17.0,19.0,16.0,19.0,1.0,2007,9,11,1428,8,29,2,9,4,10,1,1,1
65,34.0011,72.9372,15.0,20.0,11.0,46.0,1.0,2007,9,13,1428,9,1,2,15,4,9,0,0,5
66,32.226,70.3761,14.725714285714286,5.0,3.0,10.0,1.0,2007,9,22,1428,9,10,2,58,4,10,0,1,5
67,32.9861,70.6042,14.725714285714286,16.0,29.0,32.0,1.0,2007,10,1,1428,9,19,2,2,4,13,0,1,6
68,24.9918,66.9911,125.0,145.0,100.0,550.0,2.0,2007,10,18,1428,10,6,2,19,6,10,0,1,3
69,35.2227,72.4258,20.0,38.0,28.0,35.0,1.0,2007,10,25,1428,10,13,2,55,4,10,0,1,5
70,33.6058,73.0437,7.0,8.0,18.0,31.0,1.0,2007,10,30,1428,10,18,2,44,5,13,0,1,5
71,32.0791,72.6718,8.0,10.0,27.0,40.0,1.0,2007,11,1,1428,10,20,2,45,5,10,0,1,5
72,34.0043,71.5448,3.0,4.0,2.0,5.0,1.0,2007,11,9,1428,10,28,0,40,4,15,1,0,3
73,33.6058,73.0437,17.0,38.0,31.397260273972602,35.0,1.0,2007,11,24,1428,11,14,2,44,5,10,0,1,5
74,33.6058,73.0437,14.725714285714286,1.0,2.0,5.0,1.0,2007,11,24,1428,11,14,2,44,5,9,0,1,5
75,34.0043,71.5448,14.725714285714286,1.0,31.397260273972602,0.0,1.0,2007,12,4,1428,11,24,2,40,4,9,0,1,5
76,35.2227,72.4258,10.0,13.0,31.397260273972602,2.0,1.0,2007,12,9,1428,11,29,0,55,4,13,0,1,6
77,33.7645,72.3667,14.725714285714286,0.0,7.0,22.0,1.0,2007,12,10,1428,11,30,2,0,5,10,1,1,1
78,30.2095,67.0182,5.0,12.0,22.0,23.0,2.0,2007,12,13,1428,12,3,2,43,1,9,0,1,5
79,34.0322,73.0944,5.0,6.0,11.0,20.0,1.0,2007,12,15,1428,12,5,2,38,4,9,0,1,5
80,33.5833,71.4333,14.725714285714286,12.0,2.0,5.0,1.0,2007,12,17,1428,12,7,2,24,4,9,0,1,5
81,34.1509,71.7359,14.725714285714286,60.0,31.397260273972602,200.0,1.0,2007,12,21,1428,12,11,0,7,4,14,2,0,1
82,35.2227,72.4258,9.0,14.0,31.397260273972602,23.0,1.0,2007,12,23,1428,12,13,0,55,4,10,0,1,5
83,33.6058,73.0437,21.0,30.0,48.0,70.0,1.0,2007,12,27,1428,12,17,2,44,5,12,1,1,3
84,35.2227,72.4258,14.725714285714286,15.20625,12.0,13.0,1.0,2008,1,7,1428,12,28,2,55,4,9,0,1,5
85,31.5451,74.3407,24.0,26.0,73.0,80.0,1.0,2008,1,10,1429,1,1,2,26,5,5,0,1,6
86,32.9746,70.1456,1.0,1.0,31.397260273972602,39.45986984815618,1.0,2008,1,15,1429,1,6,2,33,3,9,0,1,5
87,34.0043,71.5448,10.0,12.0,31.397260273972602,25.0,1.0,2008,1,17,1429,1,8,2,40,4,14,2,0,7
88,32.9746,70.1456,5.0,7.0,13.0,15.0,1.0,2008,2,1,1429,1,23,2,37,3,13,0,1,6
89,33.6058,73.0437,8.0,10.0,27.0,47.0,1.0,2008,2,4,1429,1,26,2,44,5,10,0,1,5
90,30.2095,67.0182,14.725714285714286,1.0,31.397260273972602,1.0,1.0,2008,2,5,1429,1,27,2,43,1,12,1,1,1
91,34.1509,71.7359,25.0,27.0,35.0,51.0,1.0,2008,2,9,1429,2,2,2,7,4,15,1,0,3
92,32.9746,70.1456,6.0,10.0,9.0,13.0,1.0,2008,2,11,1429,2,4,2,37,3,14,1,1,3
93,35.2227,72.4258,2.0,3.0,14.0,18.0,1.0,2008,2,16,1429,2,9,2,55,4,9,0,0,5
94,35.2227,72.4258,38.0,47.0,109.0,110.0,1.0,2008,2,16,1429,2,9,2,25,3,5,0,0,3
95,33.6058,73.0437,14.725714285714286,8.0,20.0,30.0,1.0,2008,2,25,1429,2,18,2,44,5,10,0,0,5
96,32.935,70.6688,38.0,45.0,40.0,100.0,1.0,2008,2,29,1429,2,22,2,55,4,12,1,1,6
97,34.8718,71.5249,14.725714285714286,2.0,31.397260273972602,23.0,1.0,2008,3,1,1429,2,23,2,1,3,10,0,1,5
98,33.6854,71.5131,40.0,43.0,50.0,60.0,1.0,2008,3,2,1429,2,24,0,10,4,12,1,1,0
99,31.5451,74.3407,4.0,8.0,15.0,24.0,2.0,2008,3,4,1429,2,26,2,26,5,9,0,0,5
100,31.5451,74.3407,26.0,31.0,175.0,200.0,1.0,2008,3,11,1429,3,3,2,26,5,5,0,0,3
101,31.5451,74.3407,3.0,6.0,31.397260273972602,12.0,1.0,2008,3,11,1429,3,3,2,26,5,15,1,0,1
102,35.2227,72.4258,2.0,3.0,5.0,7.0,1.0,2008,3,17,1429,3,9,2,55,4,13,0,0,6
103,32.3202,69.8597,14.725714285714286,5.0,9.0,11.0,1.0,2008,3,20,1429,3,12,0,51,3,9,0,0,5
104,34.0211,71.2874,14.725714285714286,2.0,17.0,30.0,1.0,2008,5,1,1429,4,25,0,23,3,14,2,0,7
105,32.935,70.6688,3.0,7.0,10.0,15.0,1.0,2008,5,6,1429,5,1,2,2,4,13,0,1,6
106,35.2227,72.4258,14.725714285714286,1.0,3.0,4.0,1.0,2008,5,9,1429,5,4,2,55,4,13,0,0,6
107,34.1982,72.0444,11.0,13.0,23.0,25.0,1.0,2008,5,18,1429,5,13,0,32,4,9,0,0,5
108,33.718,73.0718,14.725714285714286,8.0,25.0,30.0,1.0,2008,6,2,1429,5,28,2,17,2,4,0,0,2
109,33.718,73.0718,15.0,20.0,20.0,47.0,1.0,2008,7,6,1429,7,3,0,17,2,8,1,1,6
110,31.8238,70.9095,14.725714285714286,1.0,3.0,4.0,1.0,2008,7,13,1429,7,10,0,9,4,14,2,0,7
111,31.5451,74.3407,8.0,9.0,20.0,35.0,1.0,2008,8,13,1429,8,12,2,26,5,13,0,1,6
112,31.8238,70.9095,30.0,32.0,33.0,55.0,1.0,2008,8,19,1429,8,18,2,9,4,6,1,0,1
113,33.6058,73.0437,70.0,100.0,67.0,200.0,2.0,2008,8,21,1429,8,20,2,44,5,9,0,0,3
114,35.2227,72.4258,7.0,15.0,31.397260273972602,20.0,1.0,2008,8,23,1429,8,22,2,55,4,13,0,1,6
115,33.5833,71.4333,2.0,5.0,25.0,39.0,1.0,2008,8,29,1429,8,28,2,24,4,9,0,0,5
116,34.0043,71.5448,30.0,35.0,70.0,90.0,1.0,2008,9,6,1429,9,6,2,40,4,13,0,1,6
117,35.2227,72.4258,2.0,10.0,31.397260273972602,25.0,1.0,2008,9,16,1429,9,16,2,55,4,13,0,1,6
118,32.9746,70.1456,7.0,17.0,5.0,20.0,1.0,2008,9,20,1429,9,20,2,37,4,10,0,1,5
119,33.718,73.0718,40.0,60.0,200.0,300.0,1.0,2008,9,20,1429,9,20,2,17,2,7,2,0,2
120,35.2227,72.4258,9.0,13.0,2.0,3.0,1.0,2008,9,22,1429,9,22,2,55,4,9,0,1,5
121,30.2095,67.0182,1.0,14.0,22.0,25.0,1.0,2008,9,24,1429,9,24,2,43,1,9,0,1,5
122,34.0043,71.5448,4.0,5.0,31.397260273972602,18.0,1.0,2008,10,3,1429,10,3,0,40,4,15,2,0,3
123,31.6216,71.065,22.0,26.0,60.0,100.0,1.0,2008,10,6,1429,10,6,2,3,5,15,2,0,3
124,33.718,73.0718,14.725714285714286,15.20625,6.0,12.0,1.0,2008,10,9,1429,10,9,2,17,2,13,0,0,6
125,34.0211,71.2874,14.725714285714286,0.0,31.397260273972602,0.0,1.0,2008,10,9,1429,10,9,2,23,3,10,0,1,2
126,32.9746,70.1456,40.0,85.0,90.0,200.0,1.0,2008,10,10,1429,10,10,2,39,3,12,1,1,0
127,35.2227,72.4258,14.725714285714286,4.0,31.397260273972602,27.0,1.0,2008,10,16,1429,10,16,2,55,4,13,0,0,6
128,32.9746,70.1456,11.0,10.0,31.397260273972602,5.0,1.0,2008,10,26,1429,10,26,0,33,3,9,0,1,5
129,32.9861,70.6042,14.725714285714286,15.20625,31.397260273972602,14.0,1.0,2008,10,29,1429,10,29,2,2,4,9,0,1,5
130,34.1982,72.0444,9.0,10.0,21.0,25.0,1.0,2008,10,31,1429,11,2,2,32,4,13,0,0,6
131,32.3202,69.8597,14.725714285714286,8.0,31.397260273972602,8.0,1.0,2008,11,2,1429,11,4,0,51,3,9,0,1,5
132,33.5351,71.0713,14.725714285714286,7.0,31.397260273972602,4.0,1.0,2008,11,4,1429,11,6,2,14,4,13,0,1,6
133,35.2227,72.4258,14.725714285714286,2.0,31.397260273972602,10.0,1.0,2008,11,6,1429,11,8,2,55,4,13,0,1,6
134,34.8718,71.5249,16.0,23.0,31.0,45.0,1.0,2008,11,6,1429,11,8,2,1,3,12,1,1,0
135,34.0043,71.5448,3.0,4.0,13.0,20.0,1.0,2008,11,11,1429,11,13,2,40,4,12,1,1,3
136,34.1509,71.7359,14.725714285714286,7.0,10.0,12.0,1.0,2008,11,12,1429,11,14,2,7,4,9,0,0,5
137,35.2227,72.4258,14.725714285714286,10.0,31.397260273972602,8.0,1.0,2008,11,17,1429,11,19,2,55,4,9,0,1,5
138,34.8718,71.5249,14.725714285714286,9.0,31.397260273972602,39.45986984815618,1.0,2008,11,20,1429,11,22,2,1,3,14,2,0,7
139,34.3943,72.6151,14.725714285714286,9.0,31.397260273972602,16.0,1.0,2008,11,28,1429,11,30,2,4,4,10,0,1,6
140,35.2227,72.4258,14.725714285714286,10.0,31.397260273972602,50.0,1.0,2008,12,1,1429,12,3,2,55,4,9,0,1,5
141,34.1509,71.7359,5.0,6.0,8.0,10.0,1.0,2008,12,3,1429,12,5,2,7,4,10,0,1,5
142,32.9746,70.1456,6.0,10.0,8.0,15.0,1.0,2008,12,5,1429,12,7,2,39,4,8,1,1,1
143,34.3943,72.6151,14.725714285714286,1.0,31.397260273972602,4.0,1.0,2008,12,9,1429,12,11,2,4,4,12,1,1,3
144,34.3943,72.6151,34.0,37.0,31.397260273972602,16.0,1.1159420289855073,2008,12,28,1429,12,30,0,4,4,5,0,1,3
145,31.8238,70.9095,7.0,10.0,21.0,25.0,1.0,2009,1,4,1430,1,7,0,9,4,10,0,1,6
146,32.9861,70.6042,14.725714285714286,1.0,31.397260273972602,2.0,1.0,2009,1,4,1430,1,7,0,2,4,13,0,1,6
147,35.3833,72.1833,14.725714285714286,2.0,11.0,25.0,1.0,2009,1,23,1430,1,26,2,55,4,9,0,1,5
148,30.05,70.6333,30.0,32.0,48.0,55.0,1.0,2009,2,5,1430,2,10,2,8,5,14,2,1,7
149,35.3833,72.1833,14.725714285714286,12.0,31.397260273972602,39.45986984815618,1.1159420289855073,2009,2,5,1430,2,10,2,55,4,13,0,1,6
150,34.0211,71.2874,14.725714285714286,0.0,31.397260273972602,7.0,1.0,2009,2,6,1430,2,11,2,23,3,10,1,1,2
151,32.9861,70.6042,14.725714285714286,5.0,17.0,18.0,1.0,2009,2,9,1430,2,14,2,2,4,13,0,1,6
152,31.8238,70.9095,30.0,36.0,150.0,200.0,1.0,2009,2,20,1430,2,25,2,9,4,12,1,1,1
153,32.9861,70.6042,14.725714285714286,2.0,31.397260273972602,39.45986984815618,1.1159420289855073,2009,2,21,1430,2,26,2,2,4,13,0,1,6
154,32.9861,70.6042,14.725714285714286,1.0,31.397260273972602,2.0,1.1159420289855073,2009,2,23,1430,2,28,2,2,4,15,2,0,6
155,30.5833,67.0,5.0,6.0,5.0,12.0,1.0,2009,3,2,1430,3,5,2,41,1,3,1,0,3
156,34.0043,71.5448,4.0,5.0,31.397260273972602,6.0,1.0,2009,3,11,1430,3,14,2,40,4,8,1,1,3
157,33.6058,73.0437,12.0,15.0,16.0,18.0,1.0,2009,3,16,1430,3,19,2,44,5,16,1,1,1
158,33.718,73.0718,14.725714285714286,2.0,31.397260273972602,8.0,1.0,2009,3,23,1430,3,26,0,17,2,13,0,1,6
159,32.226,70.3761,7.0,15.0,31.397260273972602,25.0,1.0,2009,3,26,1430,3,29,2,58,4,8,1,1,0
160,34.0211,71.2874,70.0,76.0,100.0,175.0,1.0,2009,3,27,1430,3,30,2,23,3,14,2,0,7
161,32.9746,70.1456,14.725714285714286,4.0,31.397260273972602,9.0,1.0,2009,3,30,1430,4,3,2,37,3,10,0,1,5
162,33.718,73.0718,14.725714285714286,8.0,4.0,7.0,1.0,2009,4,4,1430,4,8,2,17,2,9,0,1,5
163,32.9746,70.1456,14.725714285714286,8.0,31.397260273972602,39.0,1.0,2009,4,4,1430,4,8,2,37,3,10,0,1,5
164,32.9303,72.8556,22.0,27.0,40.0,60.0,1.0,2009,4,5,1430,4,9,0,5,5,14,2,0,7
165,34.1509,71.7359,16.0,18.0,5.0,10.0,1.0,2009,4,15,1430,4,19,2,7,4,13,0,1,6
166,33.5351,71.0713,21.0,27.0,26.0,65.0,1.0,2009,4,18,1430,4,22,2,14,4,13,0,1,6
167,34.0043,71.5448,7.0,11.0,25.0,48.0,1.0,2009,5,5,1430,5,10,2,40,4,9,0,1,5
168,33.6854,71.5131,10.0,11.0,20.0,27.0,1.0,2009,5,11,1430,5,16,2,10,4,13,0,1,6
169,32.226,70.3761,6.0,9.0,25.0,36.0,1.0,2009,5,21,1430,5,26,2,58,4,9,0,1,5
170,31.5451,74.3407,26.0,27.0,320.0,370.0,1.0,2009,5,27,1430,6,3,2,26,5,13,0,1,6
171,34.0043,71.5448,3.0,5.0,3.0,9.0,1.0,2009,5,28,1430,6,4,2,40,4,13,0,1,6
172,31.8238,70.9095,3.0,5.0,8.0,12.0,1.0,2009,5,28,1430,6,4,2,9,4,13,0,1,6
173,35.1977,71.8749,14.725714285714286,40.0,50.0,70.0,1.0,2009,6,5,1430,6,12,2,62,3,14,2,0,7
174,33.718,73.0718,2.0,2.0,4.0,5.0,1.0,2009,6,6,1430,6,13,2,17,2,13,0,0,6
175,34.0043,71.5448,11.0,15.0,50.0,80.0,1.0,2009,6,9,1430,6,16,2,40,4,7,2,0,2
176,34.0043,71.5448,1.0,2.0,8.0,15.0,1.0,2009,6,11,1430,6,18,2,40,4,13,0,1,6
177,31.5451,74.3407,5.0,7.0,5.0,12.0,1.0,2009,6,12,1430,6,19,2,26,5,14,2,0,7
178,34.0322,73.0944,4.0,7.0,63.0,105.0,1.0,2009,6,12,1430,6,19,2,38,4,14,2,0,7
179,35.3833,72.1833,14.725714285714286,2.0,31.397260273972602,7.0,1.1159420289855073,2009,6,22,1430,6,29,2,55,4,13,0,1,6
180,34.3597,73.4711,14.725714285714286,2.0,3.0,4.0,1.0,2009,6,26,1430,7,3,2,36,0,10,0,1,5
181,34.0211,71.2874,1.0,4.0,10.0,11.0,1.0,2009,6,30,1430,7,7,2,23,3,4,0,1,2
182,34.0043,71.5448,14.725714285714286,1.0,31.397260273972602,39.45986984815618,1.0,2009,7,1,1430,7,8,2,40,4,10,0,1,6
183,33.6058,73.0437,14.725714285714286,1.0,25.0,40.0,1.0,2009,7,2,1430,7,9,2,44,5,10,0,1,3
184,34.0043,71.5448,14.725714285714286,1.0,2.0,5.0,1.0,2009,7,8,1430,7,15,2,40,4,8,1,1,6
185,32.9746,70.1456,14.725714285714286,2.0,3.0,5.0,1.0,2009,7,28,1430,8,6,2,37,4,13,0,1,6
186,32.3202,69.8597,4.0,5.0,31.397260273972602,39.45986984815618,1.0,2009,8,13,1430,8,22,2,51,3,10,1,1,0
187,35.2227,72.4258,3.0,5.0,31.397260273972602,4.0,1.0,2009,8,15,1430,8,24,2,55,4,13,0,1,6
188,35.2227,72.4258,14.725714285714286,1.0,31.397260273972602,3.0,1.0,2009,8,16,1430,8,25,0,55,4,13,0,1,6
189,32.9746,70.1456,3.0,7.0,31.397260273972602,3.0,1.0,2009,8,18,1430,8,27,2,37,4,9,0,1,5
190,33.5833,71.4333,14.725714285714286,0.0,31.397260273972602,39.45986984815618,1.0,2009,8,21,1430,8,30,2,24,4,2,0,1,1
191,35.2227,72.4258,2.0,3.0,2.0,8.0,1.0,2009,8,22,1430,9,1,2,55,4,15,1,0,6
192,34.0043,71.5448,14.725714285714286,3.0,31.397260273972602,15.0,1.0,2009,8,23,1430,9,2,0,40,4,15,1,1,0
193,34.0211,71.2874,20.0,22.0,10.0,27.0,1.0,2009,8,27,1430,9,6,2,23,3,9,0,1,5
194,35.2227,72.4258,16.0,18.0,4.0,14.0,1.0,2009,8,30,1430,9,9,0,55,4,13,0,0,6
195,33.5351,71.0713,14.725714285714286,15.20625,2.0,4.0,1.0,2009,9,12,1430,9,22,2,14,4,13,0,0,6
196,34.503,71.9046,14.725714285714286,1.0,3.0,5.0,2.0,2009,9,13,1430,9,23,0,30,4,9,0,1,5
197,33.5833,71.4333,30.0,37.0,50.0,60.0,1.0,2009,9,18,1430,9,28,2,24,4,8,1,1,1
198,33.6854,71.5131,14.725714285714286,2.0,31.397260273972602,1.0,1.0,2009,9,19,1430,9,29,2,10,4,13,0,1,6
199,34.2,72.5,14.725714285714286,0.0,31.397260273972602,39.45986984815618,1.0,2009,9,21,1430,10,2,2,61,4,3,1,0,3
200,32.9861,70.6042,7.0,10.0,50.0,65.0,1.0,2009,9,26,1430,10,7,2,2,4,13,0,1,6
201,34.0043,71.5448,10.0,14.0,50.0,120.0,1.0,2009,9,26,1430,10,7,2,40,4,1,1,1,1
202,32.935,70.6688,4.0,5.0,31.397260273972602,39.45986984815618,1.0,2009,9,28,1430,10,9,2,2,4,10,1,1,0
203,33.718,73.0718,14.725714285714286,5.0,3.0,8.0,1.0,2009,10,5,1430,10,16,2,17,2,4,0,0,2
204,34.0043,71.5448,48.0,50.0,148.0,187.0,1.0,2009,10,9,1430,10,20,2,40,4,8,1,1,1
205,34.8015,72.757,14.725714285714286,41.0,45.0,50.0,1.0,2009,10,12,1430,10,23,2,48,4,10,0,1,5
206,33.5833,71.4333,11.0,12.0,20.0,24.0,1.0,2009,10,15,1430,10,26,2,24,4,13,0,0,6
207,31.5451,74.3407,14.725714285714286,18.0,31.397260273972602,50.0,1.1159420289855073,2009,10,15,1430,10,26,2,26,5,13,0,0,6
208,34.0043,71.5448,14.0,15.0,15.0,24.0,1.0,2009,10,16,1430,10,27,2,40,4,9,0,0,5
209,33.718,73.0718,5.0,6.0,29.0,40.0,2.0,2009,10,20,1430,11,1,2,17,2,3,1,0,1
210,33.7645,72.3667,8.0,9.0,13.0,17.0,1.0,2009,10,23,1430,11,4,2,0,5,9,0,1,5
211,32.9303,72.8556,14.725714285714286,1.0,31.397260273972602,39.45986984815618,1.0,2009,10,24,1430,11,5,2,5,5,13,0,1,6
212,33.6058,73.0437,35.0,38.0,60.0,65.0,1.0,2009,11,2,1430,11,14,2,44,5,1,1,1,1
213,31.5451,74.3407,14.725714285714286,15.20625,10.0,25.0,1.0,2009,11,2,1430,11,14,2,26,5,13,0,1,6
214,34.0043,71.5448,12.0,19.0,35.0,45.0,1.0,2009,11,8,1430,11,20,0,40,4,8,1,1,3
215,34.0043,71.5448,14.725714285714286,3.0,5.0,7.0,1.0,2009,11,9,1430,11,21,0,40,4,13,0,1,6
216,34.1509,71.7359,32.0,34.0,60.0,100.0,1.0,2009,11,10,1430,11,22,2,7,4,8,1,1,1
217,34.0043,71.5448,10.0,13.0,47.0,70.0,1.0,2009,11,13,1430,11,25,2,40,4,9,0,1,5
218,32.9861,70.6042,7.0,8.0,22.0,29.0,1.0,2009,11,13,1430,11,25,2,2,4,13,0,0,6
219,34.0043,71.5448,14.725714285714286,12.0,25.0,35.0,1.0,2009,11,14,1430,11,26,2,40,4,13,0,1,6
220,34.0043,71.5448,14.725714285714286,3.0,31.397260273972602,43.0,1.0,2009,11,16,1430,11,28,2,40,4,13,0,1,6
221,34.0043,71.5448,20.0,22.0,46.0,50.0,1.0,2009,11,19,1430,12,2,2,40,4,5,0,1,3
222,35.2227,72.4258,1.0,2.0,11.0,30.0,1.0,2009,12,1,1430,12,14,2,55,4,15,2,0,3
223,33.718,73.0718,14.725714285714286,2.0,10.0,18.0,1.0,2009,12,2,1430,12,15,2,17,2,9,0,1,5
224,33.6058,73.0437,36.0,40.0,75.0,83.0,1.0,2009,12,4,1430,12,17,2,44,5,14,2,0,5
225,34.0043,71.5448,9.0,11.0,37.0,50.0,1.0,2009,12,7,1430,12,20,2,40,4,5,0,1,3
226,31.5451,74.3407,38.0,45.0,100.0,135.0,2.0,2009,12,7,1430,12,20,2,26,5,8,1,1,1
227,30.1886,71.4559,8.0,15.0,47.0,61.0,1.0,2009,12,8,1430,12,21,2,35,5,9,0,1,5
228,30.05,70.6333,24.0,33.0,55.0,70.0,1.0,2009,12,15,1430,12,28,2,8,4,15,2,1,3
229,32.9861,70.6042,14.725714285714286,0.0,31.397260273972602,0.0,1.0,2009,12,17,1430,12,30,2,2,4,15,2,0,3
230,34.8453,71.9046,14.725714285714286,12.0,28.0,35.0,1.0,2009,12,18,1431,1,1,2,29,4,14,2,0,6
231,34.0043,71.5448,1.0,3.0,21.0,24.0,1.0,2009,12,22,1431,1,5,2,40,4,11,1,0,4
232,34.0043,71.5448,4.0,5.0,24.0,25.0,1.0,2009,12,24,1431,1,7,2,40,4,13,0,1,3
233,33.718,73.0718,14.725714285714286,1.0,1.0,4.0,1.0,2009,12,24,1431,1,7,2,17,2,14,2,1,7
234,34.3597,73.4711,10.0,15.0,81.0,100.0,1.0,2009,12,28,1431,1,11,0,36,0,12,2,1,7
235,32.6018,70.9148,88.0,100.0,37.0,100.0,1.0,2010,1,1,1431,1,15,2,27,4,12,2,1,1
236,33.706,73.7242,14.725714285714286,4.0,11.0,12.0,1.0,2010,1,6,1431,1,20,2,52,0,9,0,1,5
237,34.0211,71.2874,14.725714285714286,8.0,31.397260273972602,11.0,1.0,2010,1,8,1431,1,22,2,23,4,14,1,1,7
238,34.0043,71.5448,14.725714285714286,0.0,31.397260273972602,6.0,1.0,2010,1,8,1431,1,22,2,40,4,13,0,1,6
239,33.8243,73.7949,14.725714285714286,1.0,1.0,2.0,1.0,2010,1,16,1431,2,1,2,42,0,10,0,1,6
240,32.226,70.3761,4.0,5.0,3.0,11.0,1.0,2010,1,23,1431,2,8,2,58,4,13,0,1,6
241,34.8718,71.5249,16.0,17.0,26.0,47.0,1.0,2010,1,29,1431,2,14,2,1,3,9,0,1,5
242,34.0211,71.2874,17.0,22.0,6.0,11.0,1.0,2010,2,10,1431,2,26,2,23,4,10,0,1,5
243,32.9861,70.6042,14.725714285714286,15.0,25.0,30.0,2.0,2010,2,11,1431,2,27,2,2,4,13,0,1,6
244,34.0211,71.2874,22.0,31.0,30.0,110.0,1.0,2010,2,18,1431,3,4,2,23,4,14,2,1,0
245,34.3333,73.2,14.725714285714286,1.0,4.0,10.0,2.0,2010,2,20,1431,3,6,2,31,4,13,0,1,6
246,35.2227,72.4258,7.0,13.0,37.0,41.0,1.0,2010,2,22,1431,3,8,2,55,4,10,0,1,5
247,33.1193,71.0951,14.725714285714286,4.0,23.0,24.0,2.0,2010,2,27,1431,3,13,0,20,4,13,0,1,6
248,33.5351,71.0713,12.0,14.0,30.0,35.0,1.0,2010,3,5,1431,3,19,2,14,4,10,1,1,1
249,31.5451,74.3407,13.0,14.0,80.0,100.0,1.0,2010,3,8,1431,3,22,2,26,5,11,0,1,5
250,31.5451,74.3407,43.0,57.0,90.0,100.0,2.0,2010,3,12,1431,3,26,2,26,5,9,0,1,5
251,35.2227,72.4258,14.0,17.0,52.0,60.0,1.0,2010,3,13,1431,3,27,2,55,4,13,0,1,6
252,32.226,70.3761,14.725714285714286,2.0,31.397260273972602,2.0,1.0,2010,3,29,1431,4,13,2,58,4,5,2,0,0
253,34.8718,71.5249,14.725714285714286,2.0,5.0,8.0,1.0,2010,3,29,1431,4,13,2,1,3,10,1,1,0
254,34.0043,71.5448,6.0,8.0,31.397260273972602,0.0,1.0,2010,4,5,1431,4,20,2,40,4,4,0,1,2
255,34.8453,71.9046,50.0,56.0,75.0,120.0,3.0,2010,4,5,1431,4,20,2,29,4,7,2,1,3
256,30.2095,67.0182,14.725714285714286,11.0,35.0,40.0,1.0,2010,4,16,1431,5,2,2,43,1,6,1,0,3
257,33.5833,71.4333,41.0,44.0,60.0,70.0,2.0,2010,4,17,1431,5,3,2,24,4,12,1,1,1
258,33.5833,71.4333,14.725714285714286,7.0,30.0,32.0,1.0,2010,4,18,1431,5,4,0,24,4,13,0,0,6
259,34.0043,71.5448,23.0,24.0,27.0,49.0,1.0,2010,4,19,1431,5,5,2,40,4,12,1,1,0
260,34.0043,71.5448,4.0,5.0,11.0,14.0,1.0,2010,4,28,1431,5,14,2,40,4,13,0,1,6
261,35.2227,72.4258,3.0,7.0,9.0,16.0,1.0,2010,5,1,1431,5,17,0,55,4,8,1,1,1
262,34.8718,71.5249,14.725714285714286,0.0,31.397260273972602,0.0,1.0,2010,5,2,1431,5,18,0,1,3,9,0,1,5
263,31.5451,74.3407,80.0,95.0,92.0,200.0,1.0,2010,5,28,1431,6,14,2,26,5,14,2,0,1
264,31.5451,74.3407,40.0,42.0,31.397260273972602,175.0,2.0,2010,7,1,1431,7,19,2,26,5,14,2,0,1
265,32.9746,70.1456,65.0,80.0,104.0,110.0,2.0,2010,7,9,1431,7,27,2,33,3,12,1,1,3
266,33.5833,71.4333,14.725714285714286,0.0,31.397260273972602,0.0,1.0,2010,7,12,1431,7,30,2,24,4,5,1,1,3
267,32.0791,72.6718,3.0,4.0,9.0,26.0,1.0,2010,7,18,1431,8,6,0,45,5,14,2,0,7
268,34.0322,73.0944,14.725714285714286,8.0,23.0,25.0,1.0,2010,7,26,1431,8,14,2,38,4,15,2,0,3
269,34.0043,71.5448,3.0,4.0,11.0,14.0,1.0,2010,8,4,1431,8,23,2,40,4,10,0,1,5
270,32.3202,69.8597,26.0,30.0,31.397260273972602,40.0,1.0,2010,8,23,1431,9,13,2,51,3,14,2,0,0
271,31.5451,74.3407,27.0,43.0,150.0,243.0,3.0,2010,9,1,1431,9,22,2,26,5,12,1,1,7
272,30.2095,67.0182,54.0,62.0,150.0,200.0,1.0,2010,9,3,1431,9,24,2,43,1,12,1,1,1
273,34.1982,72.0444,14.725714285714286,1.0,31.397260273972602,4.0,1.0,2010,9,3,1431,9,24,2,32,4,14,2,0,7
274,32.6018,70.9148,15.0,19.0,34.0,57.0,1.0,2010,9,6,1431,9,27,0,27,4,13,0,0,6
275,30.2095,67.0182,2.0,5.0,3.0,6.0,1.0,2010,9,9,1431,9,30,2,43,1,15,2,1,3
276,24.9918,66.9911,6.0,10.0,60.0,77.0,2.0,2010,10,7,1431,10,28,2,19,6,14,2,0,7
277,32.6018,70.9148,14.725714285714286,15.20625,5.0,14.0,1.0,2010,10,18,1431,11,10,2,27,4,12,1,1,1
278,34.1335,72.4702,2.0,5.0,10.0,13.0,1.0,2010,11,1,1431,11,24,2,54,4,13,0,1,6
279,33.6854,71.5131,61.0,76.0,70.0,132.0,1.0,2010,11,5,1431,11,28,2,10,4,14,2,0,7
280,24.9918,66.9911,16.0,20.0,100.0,140.0,1.0,2010,11,11,1431,12,5,2,19,6,9,0,0,5
281,33.8243,73.7949,14.725714285714286,0.0,31.397260273972602,2.0,1.0,2010,11,11,1431,12,5,2,42,0,10,1,1,5
282,32.3202,69.8597,14.725714285714286,1.0,31.397260273972602,8.0,1.0,2010,11,14,1431,12,8,0,51,3,8,1,1,0
283,32.935,70.6688,2.0,6.0,6.0,22.0,1.0,2010,11,30,1431,12,24,2,2,4,10,0,1,6
284,32.9746,70.1456,40.0,50.0,60.0,100.0,2.0,2010,12,6,1431,12,30,2,33,3,5,0,0,3
285,30.2095,67.0182,14.725714285714286,15.20625,10.0,12.0,1.0,2010,12,7,1432,1,1,2,43,1,16,1,1,3
286,33.5833,71.4333,18.0,20.0,31.397260273972602,32.0,1.0,2010,12,8,1432,1,2,2,24,4,16,1,1,1
287,33.5351,71.0713,10.0,17.0,16.0,30.0,1.0,2010,12,10,1432,1,4,2,14,4,6,1,0,1
288,33.718,73.0718,14.725714285714286,1.0,31.397260273972602,2.0,1.0,2010,12,23,1432,1,17,2,17,2,14,2,0,7
289,34.0043,71.5448,14.725714285714286,4.0,31.397260273972602,24.0,1.0,2010,12,24,1432,1,18,2,40,4,13,0,1,1
290,34.8718,71.5249,42.0,47.0,80.0,105.0,1.0,2010,12,25,1432,1,19,0,1,3,4,0,0,6
291,34.3597,73.4711,14.725714285714286,7.0,31.397260273972602,65.0,1.0,2010,12,27,1432,1,21,2,36,0,12,2,1,7
292,32.935,70.6688,18.0,20.0,15.0,20.0,1.0,2011,1,12,1432,2,8,2,2,4,14,2,0,1
293,31.5451,74.3407,11.0,17.0,71.0,80.0,1.0,2011,1,25,1432,2,21,2,26,5,13,0,1,7
294,34.8718,71.5249,14.725714285714286,0.0,31.397260273972602,0.0,1.0,2011,1,27,1432,2,23,2,1,3,9,0,1,5
295,34.0043,71.5448,5.0,7.0,14.0,16.0,1.0,2011,1,31,1432,2,27,2,40,4,10,0,1,6
296,34.1982,72.0444,28.0,36.0,35.0,50.0,1.0,2011,2,10,1432,3,7,2,32,4,9,0,1,5
297,32.9746,70.1456,14.725714285714286,1.0,31.397260273972602,3.0,1.0,2011,2,11,1432,3,8,2,33,3,13,0,1,6
298,34.503,71.9046,1.0,3.0,31.397260273972602,39.45986984815618,1.0,2011,2,12,1432,3,9,2,30,4,15,1,0,5
299,32.935,70.6688,14.725714285714286,15.20625,31.397260273972602,4.0,1.0,2011,2,19,1432,3,16,2,2,4,13,0,1,6
300,24.9918,66.9911,14.725714285714286,0.0,31.397260273972602,0.0,1.0,2011,3,1,1432,3,26,2,19,6,12,1,1,1
301,33.5351,71.0713,5.0,9.0,30.0,36.0,1.0,2011,3,3,1432,3,28,2,14,4,10,1,1,6
302,34.0043,71.5448,37.0,43.0,31.397260273972602,52.0,1.0,2011,3,9,1432,4,4,2,40,4,12,1,1,0
303,33.5351,71.0713,5.0,8.0,25.0,30.0,1.0,2011,3,24,1432,4,19,2,14,4,13,0,1,6
304,34.1335,72.4702,10.0,13.0,12.0,23.0,1.0,2011,3,30,1432,4,25,2,54,4,13,0,1,3
305,34.1509,71.7359,14.725714285714286,12.0,20.0,42.0,1.0,2011,3,31,1432,4,26,2,7,4,12,1,1,3
306,33.6854,71.5131,14.725714285714286,1.0,2.0,8.0,1.0,2011,4,1,1432,4,27,2,10,4,8,1,1,0
307,30.05,70.6333,42.0,50.0,100.0,114.0,2.0,2011,4,3,1432,4,29,0,8,4,14,2,1,7
308,34.8453,71.9046,7.0,9.0,22.0,30.0,1.0,2011,4,4,1432,4,30,2,29,4,8,1,1,0
309,30.2095,67.0182,14.725714285714286,1.0,17.0,19.0,1.0,2011,4,7,1432,5,3,2,43,1,15,2,1,6
310,34.8718,71.5249,14.725714285714286,5.0,5.0,8.0,1.0,2011,4,23,1432,5,19,2,1,3,10,1,1,0
311,34.1509,71.7359,82.0,95.0,128.0,140.0,2.0,2011,5,13,1432,6,10,2,7,4,9,0,1,5
312,30.05,70.6333,14.725714285714286,3.0,31.397260273972602,9.0,1.0,2011,5,14,1432,6,11,2,8,4,1,1,1,1
313,34.0043,71.5448,8.0,11.0,41.0,48.0,1.0,2011,5,25,1432,6,22,2,40,4,13,0,0,6
314,33.5351,71.0713,28.0,32.0,55.0,60.0,1.0,2011,5,26,1432,6,23,2,14,4,13,0,1,6
315,34.8718,71.5249,14.725714285714286,8.0,31.397260273972602,11.0,1.0,2011,5,28,1432,6,25,2,1,3,8,1,1,0
316,34.0322,73.0944,18.0,19.0,28.0,45.0,1.0,2011,6,5,1432,7,3,0,38,4,9,0,0,5
317,34.0043,71.5448,32.0,35.0,80.0,107.0,1.0,2011,6,12,1432,7,10,0,40,4,8,1,1,1
318,33.718,73.0718,1.0,2.0,4.0,6.0,1.0,2011,6,13,1432,7,11,2,17,2,1,1,1,1
319,31.8238,70.9095,14.725714285714286,10.0,3.0,5.0,1.0,2011,6,25,1432,7,23,2,9,4,13,0,0,6
320,34.0043,71.5448,14.725714285714286,7.0,25.0,26.0,1.0,2011,7,11,1432,8,10,2,40,4,8,1,1,3
321,32.3202,69.8597,14.725714285714286,15.20625,31.397260273972602,2.0,1.0,2011,7,21,1432,8,20,2,51,3,10,1,1,2
322,32.3202,69.8597,14.725714285714286,1.0,31.397260273972602,7.0,1.0,2011,7,24,1432,8,23,0,51,3,9,0,1,5
323,32.9746,70.1456,14.725714285714286,1.0,31.397260273972602,0.0,1.0,2011,8,6,1432,9,6,2,33,3,8,1,1,5
324,34.0043,71.5448,0.0,2.0,31.397260273972602,12.0,1.0,2011,8,11,1432,9,11,2,40,4,13,0,1,6
325,34.0211,71.2874,47.0,60.0,70.0,130.0,1.0,2011,8,19,1432,9,19,2,23,4,14,2,0,1
326,30.2095,67.0182,11.0,13.0,12.0,25.0,1.0,2011,8,31,1432,10,2,0,43,1,14,2,1,7
327,32.6018,70.9148,3.0,2.0,14.0,25.0,1.0,2011,9,1,1432,10,3,0,27,4,13,0,1,6
328,30.2095,67.0182,26.0,28.0,60.0,82.0,2.0,2011,9,7,1432,10,9,2,43,1,9,0,0,5
329,34.8453,71.9046,26.0,34.0,63.0,75.0,1.0,2011,9,15,1432,10,17,2,29,4,12,1,1,1
330,24.9918,66.9911,14.725714285714286,8.0,4.0,7.0,1.0,2011,9,19,1432,10,21,2,19,6,13,0,1,6
331,34.0322,73.0944,14.725714285714286,2.0,31.397260273972602,39.45986984815618,1.0,2011,10,28,1432,12,1,2,38,4,13,0,1,6
332,34.1335,72.4702,14.725714285714286,3.0,31.397260273972602,9.0,1.1159420289855073,2011,11,7,1432,12,11,2,54,4,5,0,1,3
333,24.9918,66.9911,5.0,7.0,31.397260273972602,1.0,1.0,2011,11,16,1432,12,20,2,19,6,10,1,1,6
334,24.9918,66.9911,14.725714285714286,1.0,31.397260273972602,39.45986984815618,1.0,2011,11,18,1432,12,22,2,19,6,15,1,0,5
335,32.935,70.6688,4.0,6.0,18.0,19.0,1.0,2011,12,24,1433,1,29,2,2,4,9,0,1,5
336,32.5737,74.0786,14.725714285714286,2.0,31.397260273972602,39.45986984815618,1.0,2012,1,3,1433,2,9,2,13,5,12,1,1,1
337,34.0043,71.5448,14.725714285714286,2.0,19.0,28.0,1.0,2012,1,3,1433,2,9,2,40,4,8,1,0,1
338,34.0211,71.2874,14.725714285714286,3.0,7.0,9.0,1.0,2012,1,3,1433,2,9,2,23,3,8,1,1,1
339,31.8238,70.9095,4.0,8.0,7.0,10.0,3.0,2012,1,14,1433,2,20,2,9,4,13,0,1,6
340,34.0043,71.5448,3.0,4.0,7.0,8.0,1.0,2012,1,30,1433,3,7,2,40,4,15,1,1,0
341,32.9746,70.1456,21.0,28.0,31.397260273972602,36.0,1.0,2012,2,17,1433,3,25,2,25,3,8,1,1,1
342,35.1977,71.8749,1.0,1.0,3.0,3.0,1.0,2012,2,16,1433,3,24,2,62,3,8,1,1,1
343,34.0043,71.5448,0.0,4.0,31.397260273972602,6.0,3.0,2012,2,24,1433,4,2,2,40,4,13,0,0,6
344,34.0043,71.5448,0.0,1.0,31.397260273972602,6.0,1.0,2012,3,3,1433,4,10,0,40,4,10,0,1,3
345,31.8238,70.9095,14.725714285714286,0.0,31.397260273972602,3.0,1.0,2012,3,4,1433,4,11,0,9,4,10,1,1,6
346,34.0043,71.5448,14.0,15.0,30.0,33.0,1.0,2012,3,11,1433,4,18,0,40,4,12,1,1,3
347,34.0043,71.5448,1.0,1.0,2.0,5.0,1.0,2012,3,15,1433,4,22,2,40,4,13,1,1,6
348,34.0211,71.2874,5.0,13.0,9.0,10.0,1.0,2012,3,23,1433,4,30,2,23,4,14,1,1,0
349,24.9918,66.9911,4.0,7.0,12.0,14.0,1.0,2012,4,5,1433,5,13,2,19,6,10,1,1,6
350,34.8718,71.5249,24.0,26.0,40.0,75.0,1.0,2012,5,4,1433,6,13,2,1,3,8,1,1,6
351,34.0043,71.5448,2.0,3.0,31.397260273972602,5.0,1.0,2012,6,12,1433,7,22,2,40,4,10,1,1,0
352,30.2095,67.0182,13.0,14.0,20.0,30.0,1.0,2012,6,28,1433,8,8,2,43,1,10,1,1,7
353,32.935,70.6688,2.0,7.0,2.0,8.0,1.0,2012,7,16,1433,8,26,2,2,4,13,0,0,6
354,34.0043,71.5448,0.0,2.0,18.0,21.0,1.0,2012,9,3,1433,10,16,2,40,4,4,1,1,2
355,32.9746,70.1456,14.0,15.0,40.0,80.0,1.0,2012,9,10,1433,10,23,2,25,3,8,1,1,1
356,33.6854,71.5131,13.0,20.0,39.0,41.0,1.0,2012,10,13,1433,11,27,0,10,4,8,2,1,0
357,34.3943,72.6151,5.0,6.0,7.0,10.0,1.0,2012,11,4,1433,12,19,0,4,4,10,1,1,0
358,34.0043,71.5448,6.0,8.0,28.0,37.0,1.0,2012,11,7,1433,12,22,2,40,4,10,0,1,6
359,24.9918,66.9911,0.0,3.0,18.0,23.0,1.0,2012,11,8,1433,12,23,2,19,6,9,0,1,5
360,32.9746,70.1456,0.0,0.0,3.0,4.0,1.0,2012,11,19,1434,1,5,2,33,3,10,1,1,3
361,24.9918,66.9911,3.0,4.0,4.0,7.0,1.0,2012,11,21,1434,1,7,2,19,6,14,0,1,7
362,33.6058,73.0437,12.0,20.0,25.0,40.0,1.0,2012,11,21,1434,1,7,2,44,5,14,0,1,7
363,31.8238,70.9095,5.0,6.0,70.0,80.0,1.0,2012,11,25,1434,1,11,0,9,4,8,0,1,7
364,32.3202,69.8597,5.0,8.0,10.0,18.0,1.0,2012,11,29,1434,1,15,2,51,3,10,1,1,0
365,34.0043,71.5448,14.725714285714286,15.20625,6.0,10.0,1.0,2012,12,4,1434,1,20,2,40,4,13,0,1,6
366,32.3202,69.8597,2.0,3.0,20.0,25.0,1.0,2012,12,5,1434,1,21,2,51,3,9,0,1,5
367,34.0043,71.5448,14.725714285714286,9.0,17.0,20.0,1.0,2012,12,22,1434,2,9,0,40,4,15,0,0,3
368,30.2095,67.0182,51.0,93.0,116.0,121.0,2.0,2013,1,10,1434,2,28,2,43,1,8,0,0,1
369,33.5351,71.0713,24.0,27.0,40.0,50.0,1.0,2013,2,1,1434,3,20,2,14,4,14,0,1,1
370,33.5351,71.0713,7.0,15.20625,8.0,23.0,1.0,2013,2,14,1434,4,4,2,14,4,9,0,1,5
371,32.935,70.6688,0.0,0.0,1.0,39.45986984815618,4.0,2013,2,14,1434,4,4,2,2,4,13,0,1,6
372,30.2095,67.0182,64.0,84.0,180.0,200.0,1.0,2013,2,16,1434,4,6,2,43,1,8,2,1,1
373,34.0043,71.5448,5.0,15.20625,7.0,39.45986984815618,2.0,2013,2,18,1434,4,8,2,40,4,11,0,0,3
374,34.0043,71.5448,2.0,4.0,22.0,47.0,2.0,2013,3,18,1434,5,6,2,40,4,11,0,1,3
375,32.9746,70.1456,8.0,22.0,20.0,35.0,1.0,2013,3,23,1434,5,11,0,37,3,9,0,1,5
376,34.0043,71.5448,5.0,12.0,11.0,35.0,1.1159420289855073,2013,3,29,1434,5,17,2,40,4,8,0,1,5
377,34.0043,71.5448,16.0,18.0,49.0,60.0,1.0,2013,4,16,1434,6,6,2,40,4,8,0,1,1
378,32.9746,70.1456,7.0,9.0,8.0,18.0,1.0,2013,4,16,1434,6,6,2,37,3,9,0,1,5
379,34.8718,71.5249,4.0,4.0,4.0,4.0,1.0,2013,4,20,1434,6,10,2,1,3,11,0,1,1
380,30.2095,67.0182,6.0,6.0,37.0,40.0,1.0,2013,4,23,1434,6,13,2,43,1,15,0,1,1
381,34.0043,71.5448,8.0,10.0,30.0,45.0,1.1159420289855073,2013,4,29,1434,6,19,2,40,4,8,0,1,1
382,28.0,68.6667,1.0,1.0,2.0,2.0,1.1159420289855073,2013,5,1,1434,6,21,0,49,6,10,1,1,1
383,33.5351,71.0713,12.0,12.0,35.0,40.0,1.1159420289855073,2013,5,7,1434,6,27,2,14,4,8,0,1,1
384,32.935,70.6688,2.0,3.0,23.0,27.0,1.1159420289855073,2013,5,8,1434,6,28,2,2,4,13,0,1,6
385,24.9918,66.9911,2.0,2.0,3.0,5.0,1.1159420289855073,2013,5,11,1434,7,1,0,19,6,9,2,1,5
386,30.2095,67.0182,6.0,7.0,45.0,68.0,1.1159420289855073,2013,5,12,1434,7,2,0,43,1,13,0,1,6
387,34.0043,71.5448,3.0,3.0,2.0,2.0,1.1159420289855073,2013,5,24,1434,7,14,2,40,4,14,0,1,7
388,32.9746,70.1456,14.725714285714286,15.20625,2.0,2.0,1.1159420289855073,2013,6,3,1434,7,24,2,37,3,9,0,1,5
389,30.2095,67.0182,12.0,14.0,19.0,19.0,1.1159420289855073,2013,6,15,1434,8,6,2,43,1,3,1,1,1
390,30.2095,67.0182,11.0,11.0,31.397260273972602,39.45986984815618,1.1159420289855073,2013,6,15,1434,8,6,2,43,1,6,1,0,6
391,34.1982,72.0444,27.0,34.0,52.0,60.0,1.1159420289855073,2013,6,18,1434,8,9,2,32,4,12,1,1,1
392,34.0043,71.5448,14.0,15.0,28.0,30.0,1.1159420289855073,2013,6,21,1434,8,12,2,40,4,14,0,0,1
393,30.2095,67.0182,28.0,30.0,65.0,70.0,1.1159420289855073,2013,6,30,1434,8,21,0,43,1,14,0,1,1
394,33.5351,71.0713,6.0,8.0,10.0,10.0,1.1159420289855073,2013,7,8,1434,8,29,2,14,4,8,0,1,1
395,27.6833,68.8667,8.0,9.0,30.0,30.0,2.0,2013,7,25,1434,9,17,2,53,6,13,1,1,5
396,32.9746,70.1456,43.0,50.0,180.0,200.0,2.0,2013,7,26,1434,9,18,2,25,4,8,0,1,1
397,30.2095,67.0182,30.0,38.0,50.0,60.0,1.0,2013,8,8,1434,10,1,0,43,1,13,0,1,6
398,34.0043,71.5448,78.0,81.0,100.0,145.0,2.0,2013,9,22,1434,11,16,0,40,4,14,0,1,1
399,30.9222,66.4447,6.0,8.0,10.0,16.0,1.0,2013,10,2,1434,11,26,2,6,1,11,0,1,3
400,33.5351,71.0713,15.0,17.0,22.0,22.0,1.0,2013,10,3,1434,11,27,2,14,4,15,0,1,0
401,32.3202,69.8597,2.0,2.0,2.0,2.0,1.1159420289855073,2013,10,11,1434,12,6,2,51,3,9,0,1,5
402,31.8238,70.9095,8.0,9.0,30.0,30.0,1.1159420289855073,2013,10,16,1434,12,11,0,9,4,15,0,1,1
403,32.935,70.6688,0.0,0.0,7.0,7.0,1.1159420289855073,2013,11,16,1435,1,13,0,2,4,10,0,1,5
404,32.9746,70.1456,7.0,7.0,1.0,1.0,1.1159420289855073,2013,11,19,1435,1,16,2,37,3,12,0,1,0
405,34.0211,71.2874,0.0,0.0,26.0,26.0,1.1159420289855073,2013,11,22,1435,1,19,2,23,4,11,2,0,3
406,33.6058,73.0437,3.0,3.0,14.0,39.45986984815618,1.1159420289855073,2013,12,17,1435,2,14,2,44,5,14,2,1,1
407,32.9746,70.1456,5.0,5.0,25.0,34.0,1.1159420289855073,2013,12,18,1435,2,15,2,37,3,9,0,1,5
408,24.9918,66.9911,2.0,2.0,20.0,21.0,1.1159420289855073,2013,12,20,1435,2,17,2,19,6,8,2,1,6
409,30.2095,67.0182,2.0,3.0,30.0,31.0,1.1159420289855073,2014,1,1,1435,2,29,2,43,1,16,0,1,1
410,33.5351,71.0713,2.0,2.0,2.0,2.0,1.1159420289855073,2014,1,6,1435,3,5,2,14,4,3,0,1,1
411,24.9918,66.9911,3.0,3.0,7.0,11.0,1.1159420289855073,2014,1,9,1435,3,8,2,19,6,10,1,1,6
412,33.6058,73.0437,13.0,13.0,15.0,15.0,1.1159420289855073,2014,1,20,1435,3,19,2,44,5,8,0,1,5
413,34.0043,71.5448,14.725714285714286,6.0,31.397260273972602,8.0,1.1159420289855073,2014,1,23,1435,3,22,2,40,4,17,0,1,6
414,24.9918,66.9911,3.0,3.0,0.0,1.0,1.1159420289855073,2014,1,29,1435,3,28,2,19,6,9,0,1,5
415,34.0043,71.5448,9.0,9.0,25.0,50.0,1.1159420289855073,2014,2,4,1435,4,4,2,40,4,7,2,0,1
416,30.2999,71.9308,0.0,0.0,5.0,5.0,1.1159420289855073,2014,2,7,1435,4,7,2,21,5,10,1,1,6
417,34.0043,71.5448,4.0,4.0,3.0,3.0,1.1159420289855073,2014,2,10,1435,4,10,2,40,4,15,1,1,1
418,24.9918,66.9911,11.0,13.0,36.0,47.0,1.1159420289855073,2014,2,13,1435,4,13,2,19,6,13,0,1,6
419,34.0043,71.5448,2.0,3.0,8.0,10.0,1.1159420289855073,2014,2,24,1435,4,24,2,40,4,10,0,1,5
420,33.718,73.0718,11.0,11.0,24.0,29.0,1.1159420289855073,2014,3,3,1435,5,2,2,17,2,11,2,1,3
421,34.0043,71.5448,8.0,11.0,32.0,45.0,1.1159420289855073,2014,3,14,1435,5,13,2,40,4,13,0,1,6
422,24.9918,66.9911,2.0,4.0,2.0,15.0,1.1159420289855073,2014,4,24,1435,6,24,2,19,6,8,0,1,6
423,34.0043,71.5448,4.0,5.0,9.0,11.0,1.1159420289855073,2014,5,11,1435,7,12,0,40,4,14,0,0,1
424,33.5689,72.6378,5.0,5.0,5.0,5.0,1.1159420289855073,2014,6,4,1435,8,6,2,11,5,10,1,1,5
425,28.28,62.35,23.0,30.0,7.0,16.0,1.1159420289855073,2014,6,8,1435,8,10,0,56,1,7,0,0,1
426,24.9918,66.9911,14.725714285714286,28.0,31.397260273972602,24.0,1.1159420289855073,2014,6,9,1435,8,11,2,19,6,17,0,1,6
427,34.0043,71.5448,1.0,2.0,5.0,5.0,1.1159420289855073,2014,6,19,1435,8,21,2,40,4,15,2,0,1
428,32.9746,70.1456,3.0,3.0,1.0,1.0,1.1159420289855073,2014,6,24,1435,8,26,2,37,3,6,0,1,5
429,34.0043,71.5448,4.0,5.0,18.0,29.0,1.1159420289855073,2014,9,24,1435,11,29,2,40,4,10,2,1,5
430,30.2095,67.0182,5.0,5.0,12.0,12.0,1.1159420289855073,2014,10,4,1435,12,10,2,43,1,3,0,1,1
431,33.8679,70.51364,14.725714285714286,7.0,31.397260273972602,5.0,1.1159420289855073,2014,10,15,1435,12,21,2,60,3,17,0,1,1
432,30.2095,67.0182,2.0,3.0,15.0,20.0,1.1159420289855073,2014,10,23,1435,12,29,2,43,1,12,2,1,1
433,31.6047,74.5729,45.0,55.0,70.0,120.0,1.1159420289855073,2014,11,2,1436,1,9,0,63,5,9,0,1,1
434,34.0043,71.5448,14.725714285714286,148.0,31.397260273972602,132.0,1.1159420289855073,2014,12,16,1436,2,24,2,40,4,17,0,1,1
435,31.35,69.45,14.725714285714286,2.0,31.397260273972602,0.0,1.1159420289855073,2014,12,28,1436,3,6,2,64,1,17,0,1,6
436,28.0,68.6667,60.0,62.0,31.397260273972602,39.0,1.1159420289855073,2015,1,30,1436,4,10,2,49,6,17,0,1,6
437,34.0043,71.5448,14.725714285714286,21.0,31.397260273972602,60.0,1.1159420289855073,2015,2,13,1436,4,24,2,40,4,17,0,1,6
438,31.5451,74.3407,5.0,9.0,31.397260273972602,39.45986984815618,1.1159420289855073,2015,2,17,1436,4,28,2,26,5,17,0,1,6
439,33.6,73.0333,14.725714285714286,5.0,31.397260273972602,6.0,1.1159420289855073,2015,2,18,1436,4,29,2,44,5,17,0,1,1
440,31.5451,74.3407,14.725714285714286,17.0,70.0,72.0,1.1159420289855073,2015,3,15,1436,5,24,2,26,5,17,0,1,5
441,24.9918,66.9911,2.0,3.0,0.0,0.0,1.1159420289855073,2015,3,20,1436,5,29,2,19,6,17,0,1,1
442,32.9746,70.1456,2.0,3.0,31.397260273972602,3.0,1.1159420289855073,2015,5,6,1436,7,17,2,25,3,17,0,1,6
443,24.9918,66.9911,1.0,2.0,31.397260273972602,39.45986984815618,1.1159420289855073,2015,5,26,1436,8,8,2,19,6,17,0,1,6
444,24.9918,66.9911,14.725714285714286,5.0,31.397260273972602,39.45986984815618,1.1159420289855073,2015,5,26,1436,8,8,2,19,6,17,0,1,5
445,31.5451,74.3407,1.0,2.0,31.397260273972602,6.0,1.1159420289855073,2015,5,29,1436,8,11,2,26,5,17,0,1,5
446,32.0836,72.6711,14.725714285714286,2.0,31.397260273972602,6.0,1.1159420289855073,2015,6,6,1436,8,19,1,45,5,17,0,1,5
447,32.9746379,70.1455,7.0,19.0,31.397260273972602,39.45986984815618,1.1159420289855073,2015,6,8,1436,8,21,2,37,3,17,0,1,6
448,34.0043,71.5448,1.0,2.0,4.0,7.0,1.1159420289855073,2015,6,11,1436,8,24,2,40,4,17,0,1,1
451,33.768734,72.362147,16.0,19.0,23.0,25.0,1.1159420289855073,2015,8,16,1436,11,1,0,0,5,17,0,1,6
453,34.021103,71.287421,3.0,6.0,50.0,56.0,1.1159420289855073,2015,9,1,1436,11,17,2,23,4,17,0,1,1
454,24.879503,67.174575,1.0,15.20625,2.0,39.45986984815618,1.0,2015,9,20,1436,12,7,0,19,6,15,1,0,6
455,30.712665,70.658161,7.0,15.20625,10.0,20.0,1.0,2015,10,14,1437,1,1,2,59,5,17,0,1,1
456,30.182971,66.998734,10.0,11.0,12.0,15.0,1.0,2015,10,22,1437,1,9,0,43,1,14,0,0,7
457,28.274681,68.712889,22.0,23.0,40.0,39.45986984815618,1.1159420289855073,2015,10,23,1437,1,10,0,18,6,17,0,1,7
458,34.200114,72.050801,21.0,26.0,50.0,56.0,1.1159420289855073,2015,12,29,1437,3,18,2,32,4,5,0,1,1
459,30.165686,67.00178,15.0,15.0,25.0,36.0,1.1159420289855073,2016,1,13,1437,4,3,2,43,1,17,0,1,1
460,33.999533,71.42502,10.0,12.0,20.0,25.0,1.0,2016,1,19,1437,4,9,2,40,4,17,0,1,6
461,31.341261,69.448659,0.0,0.0,5.0,6.0,1.0,2016,1,29,1437,4,19,2,64,1,17,0,1,5
462,30.199805,67.010157,9.0,11.0,30.0,35.0,1.0,2016,2,6,1437,4,27,2,43,1,17,0,1,5
463,34.149433,71.742781,10.0,20.0,27.0,31.0,1.0,2016,3,7,1437,5,27,2,47,4,17,0,1,5
464,31.51293,74.28899,70.0,72.0,233.0,300.0,1.0,2016,3,27,1437,6,18,0,26,5,17,0,1,1
465,34.047839,71.28436,2.0,2.0,0.0,0.0,1.0,2016,4,16,1437,7,9,2,23,3,15,0,0,1
466,34.207854,72.049453,1.0,1.0,10.0,18.0,1.0,2016,4,19,1437,7,12,2,32,4,5,0,0,3
467,34.195682,72.037771,1.0,1.0,12.0,15.0,1.0,2016,5,30,1437,8,23,2,32,4,13,0,1,6
468,30.194225,67.008822,70.0,70.0,112.0,120.0,1.1159420289855073,2016,8,8,1437,11,5,2,43,1,5,0,0,1
469,34.195776,72.036565,13.0,14.0,52.0,60.0,1.0,2016,9,2,1437,12,1,2,32,4,5,0,0,1
470,28.002718,68.730383,0.0,0.0,10.0,13.0,1.1159420289855073,2016,9,13,1437,12,12,0,49,6,14,0,0,7
471,34.400331,71.560424,16.0,36.0,22.0,39.45986984815618,1.0,2016,9,16,1437,12,15,2,33,3,14,0,0,7
472,30.14283,66.98195,58.0,61.0,100.0,165.0,2.0,2016,10,25,1438,1,24,2,43,1,5,0,0,6
473,25.776775,67.02239,45.0,52.0,100.0,100.0,1.0,2016,11,12,1438,2,12,1,22,1,14,0,0,1
474,34.325826,71.398789,2.0,2.0,14.0,14.0,4.0,2016,11,26,1438,2,26,1,33,3,9,0,1,5
475,32.949814,70.60908,0.0,0.0,2.0,2.0,1.0,2017,2,7,1438,5,10,2,2,4,13,0,1,6
476,31.555382,74.331873,14.0,18.0,83.0,90.0,1.0,2017,2,13,1438,5,16,2,26,5,5,0,1,1
477,34.5,71.333333,5.0,8.0,0.0,3.0,1.0,2017,2,15,1438,5,18,2,12,3,15,0,1,5
478,33.986111,71.456944,1.0,1.0,4.0,18.0,1.0,2017,2,15,1438,5,18,2,16,4,15,2,1,1
479,34.553808,71.434141,1.0,1.0,0.0,0.0,1.0,2017,2,15,1438,5,18,2,34,3,5,0,1,3
480,26.419314,67.859373,70.0,72.0,150.0,200.0,1.0,2017,2,16,1438,5,19,2,46,6,14,0,0,8
481,34.3,71.653889,6.0,7.0,15.0,20.0,2.0,2017,2,21,1438,5,24,2,57,4,5,0,0,1
482,31.463017,74.435675,6.0,7.0,19.0,22.0,1.1159420289855073,2017,4,5,1438,7,8,2,26,5,17,1,1,5
483,29.800833,66.848056,25.0,28.0,35.0,37.0,1.0,2017,5,12,1438,8,16,2,43,1,17,1,1,3
484,33.38752,71.340408,1.0,4.0,0.0,0.0,1.1159420289855073,2017,5,20,1438,8,24,1,24,4,13,1,1,6
485,33.88423,70.10878,30.0,85.0,100.0,39.45986984815618,3.0,2017,6,23,1438,9,28,2,43,1,14,1,1,8
486,30.90983,66.452402,1.0,3.0,1.0,11.0,1.0,2017,7,10,1438,10,16,2,6,1,17,1,1,6
487,34.015,71.5805,1.0,2.0,1.0,7.0,1.0,2017,7,17,1438,10,23,2,40,4,9,0,1,5
488,34.015,71.5805,1.0,1.0,1.0,1.0,1.0,2017,7,17,1438,10,23,2,40,4,9,0,1,5
489,31.500875,74.33312,26.0,27.0,56.0,56.0,1.0,2017,7,24,1438,11,1,2,26,5,17,2,1,6
490,30.203658,67.004469,15.0,15.0,40.0,40.0,1.0,2017,8,12,1438,11,20,1,43,1,17,2,1,5
491,28.571051,67.496895,21.0,22.0,25.0,39.45986984815618,1.0,2017,10,5,1439,1,15,2,43,1,14,0,1,1
493,30.221057,67.002524,2.0,2.0,8.0,8.0,1.0,2017,11,9,1439,2,20,2,43,1,13,1,1,6
494,33.970623,71.43862,1.0,3.0,6.0,8.0,1.0,2017,11,24,1439,3,6,2,40,4,13,1,1,6
495,30.139626,66.981476,4.0,4.0,16.0,22.0,1.0,2017,11,25,1439,3,7,2,43,1,9,2,1,5
